74,ClubAtléticoBocaJuniors,Argentina,PrimeraDivisión,94840000.0,169555000.0,310,266,74720000.0,105842040.81,197057777.57,91221953.28
74,ClubAtléticoBocaJuniors,Argentina,PrimeraDivisión,94840000.0,169555000.0,310,266,74720000.0,105842040.81,197057777.57,91221953.28
56,ClubAtléticoRiverPlate,Argentina,PrimeraDivisión,84230000.0,128820000.0,166,151,44605000.0,91856885.64,144285947.9,52446649.94
71,RacingClub,Argentina,PrimeraDivisión,24680000.0,29280000.0,48,49,4600000.0,26000437.86,31366129.17,5365691.31
98,ClubAtléticoIndependiente,Argentina,PrimeraDivisión,13720000.0,7550000.0,50,43,-6170000.0,15263813.57,10014704.22,-5249109.36
97,ClubAtléticoSanLorenzodeAlmagro,Argentina,TorneoFinal,6920000.0,3900000.0,32,26,-3020000.0,7803054.79,4397675.39,-3405379.4
53,ClubAtléticoNewell'sOldBoys,Argentina,TorneoFinal,5000000.0,6000000.0,16,12,1000000.0,6641755.59,7970106.71,1328351.12
58,RedBullSalzburg,Austria,BundesligaAustria,41530000.0,13300000.0,67,56,-28230000.0,47139767.46,14905268.45,-32234499.01
82,AustriaVienna,Austria,BundesligaAustria,21200000.0,5570000.0,107,98,-15630000.0,27831476.72,7313482.02,-20517994.69
79,SKSturmGraz,Austria,BundesligaAustria,10480000.0,2000000.0,21,27,-8480000.0,14402099.01,2712432.41,-11689666.6
68,RSCAnderlecht,Belgium,JupilerProLeague,160920000.0,238150000.0,321,273,77230000.0,176055933.41,260979664.48,84923225.32
91,ClubBruggeKV,Belgium,JupilerProLeague,101490000.0,86610000.0,207,155,-14880000.0,109459195.98,90402707.18,-19056488.82
97,KRCGenk,Belgium,JupilerProLeague,36980000.0,38500000.0,89,74,1530000.0,39908226.23,42254701.93,2359459.3
88,KAAGent,Belgium,JupilerProLeague,45600000.0,40700000.0,116,94,-4900000.0,47340014.62,42275952.03,-5064062.58
89,StandardLiège,Belgium,JupilerProLeague,58290000.0,66000000.0,223,181,7730000.0,67721275.5,75374478.41,7676343.53
86,RSCAnderlechtU19,Belgium,Belgium,2250000.0,0.0,4,5,-2250000.0,2988790.02,0.0,-2988790.02
56,ClubedeRegatasdoFlamengo,Brazil,SérieA,59270000.0,95150000.0,81,77,35880000.0,63826773.95,97557616.01,33730842.06
89,SociedadeEsportivaPalmeiras,Brazil,SérieA,109030000.0,75140000.0,360,367,-33890000.0,115409888.71,78466480.48,-36943408.22
92,SãoPauloFutebolClube,Brazil,SérieA,95140000.0,172730000.0,258,251,77600000.0,104246649.66,184985868.72,80746634.04
94,SportClubInternacional,Brazil,SérieB,71040000.0,140590000.0,280,280,69570000.0,77169663.91,155673337.11,78526517.37
89,SportClubCorinthiansPaulista,Brazil,SérieA,130430000.0,137210000.0,310,297,6780000.0,150827643.45,155539995.08,4712075.73
66,CruzeiroEsporteClube,Brazil,SérieA,42540000.0,100200000.0,191,177,57660000.0,47566042.64,115122674.74,67556632.07
55,SantosFC,Brazil,SérieA,49380000.0,160860000.0,156,160,111475000.0,53303477.45,171828375.34,118519530.22
63,ClubeAtléticoMineiro,Brazil,SérieA,29340000.0,14000000.0,99,82,-15340000.0,32299381.55,15678371.46,-16621010.08
90,GrêmioFootBallPortoAlegrense,Brazil,SérieA,18110000.0,22820000.0,90,88,4705000.0,19694561.75,24773670.82,5073593.51
71,FluminenseFootballClub,Brazil,SérieA,12670000.0,13550000.0,41,43,880000.0,13976421.7,14947159.74,970738.05
74,DesportivoBrasilLtda(SP),Brazil,SérieA,11050000.0,20550000.0,71,67,9500000.0,12460080.27,23172366.47,10712286.2
77,BotafogoRiodeJaneiro,Brazil,SérieA,10170000.0,2080000.0,50,47,-8100000.0,11467784.28,2345426.87,-9133633.5
79,AtléticoParanaense,Brazil,SérieA,3400000.0,8740000.0,43,31,5340000.0,4326991.3,11122912.93,6795921.63
73,CSKASofia,Bulgaria,FirstProfessionalFootballLeague,3000000.0,300000.0,16,10,-2700000.0,3895082.71,389508.27,-3505574.44
18,GuangzhouEvergrandeTaobao,China,SuperLeagueChina,230260000.0,47190000.0,101,98,-183080000.0,237538843.06,49021609.07,-188527639.83
69,DalianYifang,China,SuperLeagueChina,51820000.0,3640000.0,27,27,-48180000.0,52923372.45,3719619.36,-49203753.1
73,TianjinTianhai,China,SuperLeagueChina,29000000.0,29140000.0,16,14,136000.0,29452612.11,29594797.13,138122.59
88,GuangzhouR&F,China,SuperLeagueChina,61650000.0,23800000.0,67,69,-37840000.0,63779811.29,24827944.76,-38941434.62
96,ShenzhenFC,China,SuperLeagueChina,47160000.0,0.0,30,30,-47160000.0,48576149.58,0.0,-48576149.58
20,BeijingSinoboGuoan,China,SuperLeagueChina,116850000.0,27440000.0,29,28,-89410000.0,120687070.27,28478916.16,-92208154.11
8,ShanghaiSIPG,China,SuperLeagueChina,166720000.0,5598000.0,41,38,-161120000.0,173571248.6,5827867.74,-167741294.48
24,HebeiChinaFortune,China,SuperLeagueChina,155570000.0,0.0,35,29,-155570000.0,162086664.08,0.0,-162086664.08
25,TianjinQuanjian,China,SuperLeagueChina,114790000.0,2560000.0,29,33,-112230000.0,119552376.3,2663894.43,-116888481.87
53,ShanghaiGreenlandShenhua,China,SuperLeagueChina,102720000.0,5740000.0,57,56,-96980000.0,107030142.56,5974158.46,-101055984.1
56,JiangsuSuning,China,SuperLeagueChina,133320000.0,22600000.0,31,30,-110730000.0,138994214.46,23542039.57,-115462606.8
58,ChangchunYatai,China,SuperLeagueChina,31300000.0,962000.0,16,14,-30340000.0,32570271.72,1001041.58,-31571311.31
62,ShandongLunengTaishan,China,SuperLeagueChina,79600000.0,37613000.0,45,44,-41990000.0,83193586.79,39167506.32,-44029210.04
66,TianjinTeda,China,SuperLeagueChina,31520000.0,685000.0,28,24,-30830000.0,33763286.66,712799.88,-33045283.87
95,HenanJianye,China,SuperLeagueChina,15910000.0,9320000.0,24,17,-6590000.0,16555687.64,9698240.65,-6857446.99
59,BeijingGuoan,China,SuperLeagueChina,50890000.0,12460000.0,58,67,-38420000.0,53177980.95,13013360.37,-40154118.14
97,JiangsuGuoxinSainty,China,SuperLeagueChina,10750000.0,4400000.0,17,22,-6350000.0,11195228.93,4582233.24,-6612995.69
59,GuangzhouEvergrande,China,SuperLeagueChina,67010000.0,7000000.0,73,53,-60010000.0,72653596.32,7457666.29,-65195930.04
78,DalianAerbin,China,SuperLeagueChina,11950000.0,130000.0,16,12,-11820000.0,13182181.47,143404.48,-13038776.99
98,ACSpartaPraha,CzechRepublic,FortunaLiga,16000000.0,9500000.0,44,37,-6500000.0,16468243.82,9778019.77,-6690224.05
90,SKSlaviaPrag,CzechRepublic,FortunaLiga,3850000.0,6350000.0,28,27,2500000.0,5048173.33,8244591.74,3196418.41
95,FCCopenhagen,Denmark,Superligaen,13210000.0,11300000.0,37,36,-1910000.0,16875034.14,14326608.3,-2548425.85
37,PyramidsFC,Egypt,PremierLeagueEgypt,52220000.0,11020000.0,35,35,-41200000.0,53035013.94,11191992.6,-41843021.34
3,ChelseaFC,England,PremierLeague,2022370000.0,989740000.0,602,490,-1032630000.0,2282384625.75,1078550417.63,-1203834208.13
5,LiverpoolFC,England,PremierLeague,1472130000.0,927620000.0,454,401,-544500000.0,1633116895.85,1022290591.54,-610815028.16
12,LeicesterCity,England,PremierLeague,414610000.0,233180000.0,186,180,-181440000.0,438681815.44,244166759.85,-194526086.73
13,WolverhamptonWanderers,England,PremierLeague,278030000.0,75475000.0,332,317,-202560000.0,302441187.83,80478392.7,-221967708.03
14,FulhamFC,England,PremierLeague,439220000.0,206715000.0,468,468,-232540000.0,499706946.87,234517796.69,-265231602.23
15,WestHamUnited,England,PremierLeague,621270000.0,428380000.0,419,437,-192900000.0,685756629.97,496890803.6,-188876836.85
16,EvertonFC,England,PremierLeague,748430000.0,454600000.0,282,299,-293810000.0,820520087.97,507686258.17,-312807969.8
20,AFCBournemouth,England,PremierLeague,219200000.0,46340000.0,89,92,-172860000.0,225626016.22,47717821.93,-177908194.29
22,Brighton&HoveAlbion,England,PremierLeague,164210000.0,13400000.0,89,77,-150810000.0,168024813.18,13609138.01,-154415675.17
23,ManchesterUnited,England,PremierLeague,1561640000.0,633800000.0,413,397,-927870000.0,1739817711.11,719762982.25,-1020090689.02
24,ArsenalFC,England,PremierLeague,973480000.0,623670000.0,425,368,-349810000.0,1084227114.12,707392066.4,-376836173.76
26,ManchesterCity,England,PremierLeague,1858180000.0,522960000.0,486,432,-1335210000.0,2031527521.34,568294119.53,-1463217472.74
30,StokeCity,England,Championship,342380000.0,108965000.0,206,193,-233440000.0,364840543.75,113754356.86,-251114278.15
31,SouthamptonFC,England,PremierLeague,489600000.0,429360000.0,262,249,-60240000.0,525243513.99,456178331.42,-69065182.58
33,NewcastleUnited,England,PremierLeague,680390000.0,429365000.0,363,340,-251030000.0,773901183.58,483065866.36,-290843117.36
38,CardiffCity,England,PremierLeague,143150000.0,43380000.0,150,131,-99780000.0,151422830.85,45872199.07,-105561367.08
39,HuddersfieldTown,England,PremierLeague,107450000.0,18190000.0,41,39,-89270000.0,109902093.13,18553932.48,-91358453.3
61,BurnleyFC,England,PremierLeague,168790000.0,80425000.0,143,124,-88360000.0,176621792.34,83123244.61,-93491766.65
70,WatfordFC,England,PremierLeague,279190000.0,159255000.0,211,186,-119930000.0,293753615.7,168047345.3,-125699315.33
76,NottinghamForest,England,Championship,51050000.0,7110000.0,130,120,-43950000.0,55699162.19,8173679.83,-47535638.44
90,MiddlesbroughFC,England,Championship,382620000.0,247700000.0,388,394,-134960000.0,446027487.04,274011534.85,-172065616.95
98,AstonVilla,England,Championship,534750000.0,315170000.0,406,391,-219620000.0,607588627.72,355855951.3,-251781536.34
13,TottenhamHotspur,England,PremierLeague,1071330000.0,771640000.0,489,463,-299710000.0,1212546014.0,844040216.09,-368530984.15
24,SwanseaCity,England,PremierLeague,254960000.0,241455000.0,168,165,-13510000.0,266303939.19,251534133.45,-14775460.57
41,WestBromwichAlbion,England,PremierLeague,308600000.0,131780000.0,282,290,-176820000.0,345475554.35,149637163.81,-195835739.96
44,CrystalPalace,England,PremierLeague,278190000.0,92950000.0,241,236,-185240000.0,298147515.13,103391934.9,-194755580.22
61,LeedsUnited,England,Championship,142290000.0,143610000.0,134,136,1320000.0,184404204.13,184740782.3,335742.44
81,HullCity,England,Championship,180420000.0,109850000.0,203,192,-70560000.0,191668429.92,115398508.22,-76259629.07
89,BirminghamCity,England,Championship,174060000.0,68545000.0,251,248,-105524000.0,208943457.55,83986851.78,-124965825.03
99,SheffieldWednesday,England,Championship,30660000.0,1360000.0,41,45,-29300000.0,31772563.81,1418739.7,-30353824.11
100,NorwichCity,England,Championship,180210000.0,130870000.0,218,218,-49343000.0,192263603.18,138802299.52,-53462497.28
41,SunderlandAFC,England,PremierLeague,502000000.0,212650000.0,434,422,-289390000.0,574525010.24,239254003.61,-335316309.85
91,DerbyCounty,England,Championship,101900000.0,47830000.0,136,128,-54060000.0,117441033.17,58856678.14,-58570792.87
75,QueensParkRangers,England,Championship,159290000.0,64040000.0,260,254,-95250000.0,170760338.18,67743532.69,-103017038.37
74,WiganAthletic,England,Championship,161770000.0,148960000.0,265,256,-12815000.0,188838780.99,171272638.87,-17574581.05
57,BlackburnRovers,England,Championship,173370000.0,202590000.0,310,309,29220000.0,214761059.95,243175804.44,28413624.13
80,ReadingFC,England,PremierLeague,34200000.0,7165000.0,119,101,-27040000.0,39930345.4,8498316.11,-31438521.1
55,BoltonWanderers,England,PremierLeague,103480000.0,70900000.0,176,156,-32594000.0,122427163.98,85833565.95,-36609937.01
74,PortsmouthFC,England,PremierLeague,156230000.0,158015000.0,304,297,1790000.0,190083108.38,186479746.26,-3594772.19
78,IpswichTown,England,Championship,39780000.0,20450000.0,68,60,-19340000.0,52112734.94,27356495.22,-24767619.36
97,SheffieldUnited,England,Championship,42690000.0,37480000.0,171,170,-5200000.0,51278825.69,44024772.65,-7242673.4
74,CharltonAthletic,England,Championship,98590000.0,54602000.0,166,164,-44010000.0,126854830.55,66312990.04,-60570341.84
82,ManchesterUnitedU18,England,England,2500000.0,0.0,5,6,-2500000.0,3245902.26,0.0,-3245902.26
85,PrestonNorthEnd,England,FirstDivision,5830000.0,3730000.0,35,32,-2105000.0,7965487.74,5026812.23,-2945317.27
64,CoventryCity,England,FirstDivision,26900000.0,58280000.0,26,33,31380000.0,37143378.07,79954772.05,42811393.98
63,WimbledonFC,England,FirstDivision,7000000.0,26570000.0,22,23,19570000.0,9737099.5,36959247.66,27222148.16
65,BradfordCity,England,PremierLeague,6610000.0,8280000.0,15,20,1670000.0,9194603.95,11517597.69,2322993.74
2,ParisSaintGermain,France,Ligue1,1438680000.0,497745000.0,391,318,-940960000.0,1560887586.53,549644621.03,-1011275915.81
7,ASMonaco,France,Ligue1,811210000.0,1088340000.0,553,460,277130000.0,879128781.6,1173282398.7,294152669.35
28,OlympiqueMarseille,France,Ligue1,545010000.0,477190000.0,532,457,-67820000.0,613435263.71,548563464.75,-64871798.98
51,OlympiqueLyon,France,Ligue1,590840000.0,602030000.0,266,222,11180000.0,685964308.27,676300094.52,-9675489.88
75,OGCNice,France,Ligue1,111250000.0,151500000.0,141,131,40250000.0,121211203.3,162116528.88,40905325.58
94,FCGirondinsBordeaux,France,Ligue1,179940000.0,206890000.0,229,188,26950000.0,211943679.62,242517723.46,30574043.83
26,LOSCLille,France,Ligue1,189550000.0,249630000.0,215,190,60080000.0,204773125.86,272393954.83,67620828.95
40,StadeRennaisFC,France,Ligue1,278030000.0,242970000.0,345,284,-35048000.0,327426529.04,281744248.15,-45669590.79
84,ASSaintÉtienne,France,Ligue1,144560000.0,169310000.0,206,179,24750000.0,162299921.06,186231198.72,23931277.64
73,FCToulouse,France,Ligue1,57490000.0,52800000.0,86,82,-4690000.0,66026761.12,58898585.66,-7128175.47
71,HSCMontpellier,France,Ligue1,12500000.0,20000000.0,13,6,7500000.0,13419141.09,21470625.75,8051484.65
88,FCLorient,France,Ligue1,28100000.0,30500000.0,61,57,2400000.0,30945599.67,33828099.92,2882500.25
94,FCSochauxMontbéliard,France,Ligue1,25700000.0,55000000.0,76,72,29300000.0,31175103.01,67246294.99,36071191.99
65,LeMansUnionClub72,France,Ligue1,25850000.0,32600000.0,47,52,6750000.0,30750795.7,38383792.97,7632997.26
84,ASNancyLorraine,France,Ligue1,18300000.0,18200000.0,31,22,-100000.0,21629069.0,21218849.33,-410219.67
40,RCLens,France,Ligue1,72150000.0,102050000.0,149,132,29900000.0,90596171.26,131215011.1,40618839.86
71,AJAuxerre,France,Ligue1,43600000.0,95330000.0,72,81,51725000.0,53848926.85,118431592.4,64576173.74
90,FCNantes,France,Ligue1,34700000.0,46810000.0,105,93,12110000.0,44831030.06,60503750.51,15672720.46
88,RCStrasbourgAlsace,France,Ligue1,13400000.0,10000000.0,35,31,-3400000.0,17841967.1,12728477.89,-5113489.2
19,BorussiaDortmund,Germany,Bundesliga,646570000.0,691300000.0,218,184,44735000.0,709806710.7,730766837.34,20965432.42
29,RBLeipzig,Germany,Bundesliga,256280000.0,99290000.0,109,87,-156990000.0,264418860.44,101229722.26,-163189138.17
32,FCSchalke04,Germany,Bundesliga,347880000.0,237340000.0,232,206,-110560000.0,382591070.59,253911474.21,-128703956.74
47,VfBStuttgart,Germany,Bundesliga,233270000.0,221980000.0,259,245,-11300000.0,258271498.87,247360488.34,-10924572.68
55,VfLWolfsburg,Germany,Bundesliga,640160000.0,411310000.0,381,322,-228850000.0,699348988.74,444165371.2,-255182215.61
65,BorussiaMönchengladbach,Germany,Bundesliga,254280000.0,186310000.0,223,196,-67990000.0,274022407.74,195795981.0,-78252286.73
66,TSG1899Hoffenheim,Germany,Bundesliga,204460000.0,182490000.0,243,210,-21980000.0,220748054.99,194406043.03,-26353485.83
67,Bayer04Leverkusen,Germany,Bundesliga,413380000.0,400930000.0,295,235,-12440000.0,459294163.68,441490534.35,-17793126.94
71,1.FSVMainz05,Germany,Bundesliga,117310000.0,165000000.0,139,118,47690000.0,122592447.73,171156405.12,48563957.4
77,EintrachtFrankfurt,Germany,Bundesliga,49980000.0,24125000.0,68,52,-25860000.0,52603427.94,24683222.56,-27923542.98
80,SVWerderBremen,Germany,Bundesliga,225820000.0,259730000.0,278,245,33920000.0,255326053.48,293152428.81,37839937.47
100,Hannover96,Germany,Bundesliga,112550000.0,46810000.0,202,182,-65750000.0,122423969.73,50730486.53,-71705410.47
14,BayernMunich,Germany,Bundesliga,842850000.0,305355000.0,167,140,-537500000.0,941873149.58,333799022.28,-608081082.35
50,1.FCKöln,Germany,Bundesliga,82960000.0,24025000.0,77,67,-58940000.0,91845630.88,25893815.22,-65958596.75
79,SCFreiburg,Germany,Bundesliga,34680000.0,46400000.0,41,35,11720000.0,35870263.27,47983923.23,12113659.96
86,HamburgerSV,Germany,Bundesliga,337870000.0,200020000.0,309,275,-137860000.0,383572614.42,229147435.89,-154439088.68
79,FCAugsburg,Germany,Bundesliga,51350000.0,42850000.0,51,45,-8500000.0,53487885.69,44649251.44,-8838634.25
70,HerthaBSC,Germany,Bundesliga,51850000.0,50250000.0,57,48,-1600000.0,62847684.2,58695730.16,-4151954.04
90,VfLBochum,Germany,Bundesliga,5440000.0,6450000.0,24,16,1020000.0,7242784.31,8291415.82,1061357.96
67,1.FCKaiserslautern,Germany,Bundesliga,25140000.0,6350000.0,46,37,-18790000.0,34015026.92,8692008.31,-25323018.61
76,FCHansaRostock,Germany,Bundesliga,6360000.0,5250000.0,23,23,-1100000.0,8549463.37,7117348.56,-1418552.65
87,TSV1860Munich,Germany,Bundesliga,8130000.0,7760000.0,30,29,-370000.0,11064812.82,10437124.01,-628315.46
93,FCEnergieCottbus,Germany,Bundesliga,3010000.0,0.0,14,12,-3010000.0,4082210.77,0.0,-4082210.77
76,OlympiacosPiraeus,Greece,SuperLeagueGreece,179670000.0,133750000.0,497,388,-45920000.0,203267941.08,146378995.74,-56888945.35
50,PanathinaikosAthens,Greece,SuperLeagueGreece,66820000.0,12845000.0,154,117,-53980000.0,82449905.71,15534871.27,-66921815.52
70,AEKAthens,Greece,SuperLeagueGreece,8000000.0,0.0,40,35,-8000000.0,10908792.87,0.0,-10908792.87
100,IraklisThessaloniki,Greece,SuperLeagueGreece,1600000.0,900000.0,11,13,-700000.0,2125361.79,1195516.01,-929845.78
1,JuventusFC,Italy,SerieA,1647130000.0,980080000.0,1172,806,-667060000.0,1849132299.38,1097595668.39,-751547907.11
4,ACMilan,Italy,SerieA,1195570000.0,644980000.0,920,661,-550590000.0,1365658143.61,729688867.9,-635969275.71
9,ASRoma,Italy,SerieA,1040680000.0,874290000.0,858,642,-166391000.0,1171333849.32,950388333.25,-220947835.66
21,InterMilan,Italy,SerieA,1342730000.0,953920000.0,1149,834,-388820000.0,1546174241.6,1099562892.04,-446623782.61
27,SSCNapoli,Italy,SerieA,698150000.0,443705000.0,670,495,-254450000.0,756709828.42,466900690.09,-289815101.98
34,ACFFiorentina,Italy,SerieA,558130000.0,499730000.0,677,542,-58403000.0,623865893.96,561434234.95,-62436094.41
35,GenoaCFC,Italy,SerieA,444370000.0,561390000.0,993,746,117036000.0,489484989.41,608406222.38,118937690.5
36,UCSampdoria,Italy,SerieA,369510000.0,364280000.0,897,674,-5210000.0,397990716.8,386192799.16,-11775610.43
41,AtalantaBC,Italy,SerieA,224920000.0,271160000.0,826,579,46240000.0,239848130.78,292886324.34,53038193.55
44,SSLazio,Italy,SerieA,610740000.0,510920000.0,590,443,-99820000.0,742395102.72,613243181.29,-129151921.44
46,TorinoFC,Italy,SerieA,253230000.0,216880000.0,549,437,-36360000.0,273161711.78,226867704.39,-46304413.22
48,UdineseCalcio,Italy,SerieA,311300000.0,544920000.0,1141,803,233620000.0,340805264.04,607816850.42,267011586.38
49,USSassuolo,Italy,SerieA,186650000.0,145900000.0,281,206,-40750000.0,193151175.16,150390806.38,-42760368.77
59,CagliariCalcio,Italy,SerieA,155100000.0,93660000.0,323,289,-61450000.0,167121111.9,100466708.4,-66664696.15
60,BolognaFC1909,Italy,SerieA,194620000.0,132460000.0,365,331,-62162000.0,214130382.1,144725832.73,-69406755.59
84,SPAL,Italy,SerieA,23900000.0,2300000.0,52,49,-21600000.0,24273014.81,2335896.82,-21937117.98
93,ParmaCalcio1913,Italy,SerieA,20400000.0,300000.0,83,58,-20100000.0,20718389.21,304682.19,-20413707.01
70,BeneventoCalcio,Italy,SerieA,23080000.0,3980000.0,45,49,-19100000.0,23755441.72,4096475.65,-19658966.06
93,InterMilanPrimavera,Italy,Primavera1,16900000.0,4000000.0,45,34,-12900000.0,17394582.54,4117060.96,-13277521.58
100,USPalermo,Italy,SerieA,330450000.0,346200000.0,675,506,15750000.0,380422911.21,386967978.19,6545362.79
45,HellasVerona,Italy,SerieA,47730000.0,49750000.0,204,166,2020000.0,55663955.2,55066683.59,-597271.61
69,ACParma,Italy,SerieA,381610000.0,564590000.0,1346,953,183010000.0,478115518.2,718337171.89,240256944.5
84,CesenaPrimavera,Italy,PrimaveraB,12540000.0,2500000.0,36,33,-10040000.0,13059364.72,2603541.61,-10455823.11
93,DelfinoPescara1936,Italy,SerieB,26560000.0,28300000.0,121,101,1740000.0,28310849.53,30031612.62,1720763.09
96,CalcioCatania,Italy,SerieA,44450000.0,15720000.0,215,181,-28730000.0,50159596.7,16731566.43,-33428030.25
99,TernanaCalcio,Italy,SerieB,12500000.0,7500000.0,41,51,-5000000.0,14379524.83,9962633.39,-4416891.45
77,ACSiena,Italy,SerieA,72400000.0,69610000.0,344,285,-2800000.0,82588250.53,77734502.04,-4865675.81
93,ChievoVerona,Italy,SerieA,28900000.0,31720000.0,233,190,2820000.0,33409677.57,35983843.55,2574165.98
90,ACCesena,Italy,SerieA,10320000.0,12250000.0,82,61,1930000.0,11384109.86,13513114.9,2129005.04
78,ASBari,Italy,SerieA,29140000.0,17290000.0,131,103,-11840000.0,33056727.25,19514896.73,-13530450.88
88,BresciaCalcio,Italy,SerieA,16450000.0,10150000.0,95,76,-6300000.0,20278849.28,11947087.22,-8331762.07
98,USLecce,Italy,SerieA,22200000.0,2450000.0,53,45,-19750000.0,28293386.06,2834179.87,-25459206.19
87,ASLivorno,Italy,SerieA,14070000.0,11710000.0,35,31,-2355000.0,17239478.48,13966874.54,-3266640.28
74,ModenaFC2018,Italy,SerieA,3000000.0,0.0,20,21,-3000000.0,3895082.71,0.0,-3895082.71
31,RegginaCalcio,Italy,SerieA,14050000.0,7500000.0,52,42,-6550000.0,18835656.73,10432606.6,-8403050.12
81,ComoCalcio,Italy,SerieA,2500000.0,500000.0,28,29,-2000000.0,3320877.8,664175.56,-2656702.24
56,ACPerugia,Italy,SerieA,17860000.0,30000000.0,57,54,12140000.0,24483006.47,40895274.16,16412267.7
90,ACVenezia1907,Italy,SerieA,3500000.0,2230000.0,22,21,-1280000.0,4746756.71,3024362.13,-1735956.74
35,ACFiorentina,Italy,SerieA,18950000.0,40250000.0,13,15,21300000.0,26359719.35,55988322.11,29628602.75
92,VicenzaCalcio,Italy,SerieA,3000000.0,0.0,20,20,-3000000.0,4173042.64,0.0,-4173042.64
69,KashiwaReysol,Japan,J2League,10400000.0,0.0,36,28,-10400000.0,13145097.71,0.0,-13145097.71
54,VisselKobe,Japan,J2League,5000000.0,0.0,13,8,-5000000.0,6491804.52,0.0,-6491804.52
96,AlIttihadTripoli,Libya,Libya,1750000.0,0.0,5,1,-1750000.0,2324614.46,0.0,-2324614.46
53,CFMonterrey,Mexico,LigaMXClausura,82530000.0,16280000.0,88,76,-66250000.0,84652397.33,16763298.46,-67889098.86
54,CDCruzAzul,Mexico,LigaMXClausura,94180000.0,24270000.0,143,117,-69920000.0,100107827.77,27623323.07,-72494660.77
86,CFAmérica,Mexico,LigaMXClausura,122050000.0,43730000.0,234,200,-78320000.0,133499664.81,45729698.68,-87769966.16
99,SantosLaguna,Mexico,LigaMXClausura,27970000.0,30790000.0,56,43,2830000.0,30608131.76,32251081.17,1653105.49
70,DeportivoGuadalajara,Mexico,LigaMXClausura,71850000.0,6700000.0,132,115,-65150000.0,77193890.67,7589725.09,-69604165.58
75,TigresUANL,Mexico,LigaMXClausura,73390000.0,14350000.0,187,144,-59040000.0,79717530.4,14980663.55,-64736866.85
76,CFPachuca,Mexico,LigaMXClausura,12280000.0,11000000.0,59,48,-1280000.0,12896985.27,11552674.1,-1344311.17
81,ClubTijuana,Mexico,LigaMXClausura,11500000.0,0.0,24,27,-11500000.0,12685781.33,0.0,-12685781.33
97,TiburonesRojosdeVeracruz,Mexico,LigaMXClausura,2500000.0,0.0,16,13,-2500000.0,3181611.25,0.0,-3181611.25
91,QuerétaroFC,Mexico,LigaMXClausura,2000000.0,0.0,17,3,-2000000.0,2656702.24,0.0,-2656702.24
40,Ajax,Netherlands,Eredivisie,50650000.0,17550000.0,13,14,-33100000.0,51440510.46,17823908.36,-33616602.1
92,PSVEindhoven,Netherlands,Eredivisie,260970000.0,329200000.0,331,272,68250000.0,303139255.58,372969274.31,69853177.06
60,Ajax ,Netherlands,Eredivisie,231980000.0,409030000.0,287,234,177040000.0,268612274.03,465554808.37,196930377.17
63,FeyenoordRotterdam,Netherlands,Eredivisie,88230000.0,123350000.0,205,165,35120000.0,106675701.75,149069368.4,42393666.63
55,FCTwenteEnschede,Netherlands,Eredivisie,40600000.0,49980000.0,65,58,9380000.0,44902796.23,55146903.12,10244106.89
99,SCHeerenveen,Netherlands,Eredivisie,17360000.0,25425000.0,55,44,8060000.0,20568766.96,29430991.19,8856145.66
26,AZAlkmaar,Netherlands,Eredivisie,51730000.0,35430000.0,63,45,-16300000.0,62530356.81,43675793.69,-18854563.11
92,VitesseArnhem,Netherlands,Eredivisie,14770000.0,18550000.0,27,23,3780000.0,20419953.75,25067022.29,4647068.54
98,RodaJCKerkrade,Netherlands,Eredivisie,2650000.0,1800000.0,7,5,-850000.0,3593972.94,2441189.17,-1152783.77
82,RosenborgBK,Norway ,Norway Eliteserien,3320000.0,1890000.0,10,8,-1430000.0,4225179.74,2405298.1,-1819881.63
63,SportingCP,Portugal,LigaNOS,259230000.0,373960000.0,621,475,114730000.0,287536943.76,416644448.26,129104356.48
81,SLBenfica,Portugal,LigaNOS,477650000.0,790390000.0,797,584,312760000.0,537480524.38,865078526.13,327621205.13
61,SCBraga,Portugal,LigaNOS,17900000.0,50000.0,36,28,-17850000.0,18641357.94,52070.83,-18589287.1
95,AcadémicaCoimbra,Portugal,LigaNOS,2600000.0,0.0,25,24,-2600000.0,3308875.7,0.0,-3308875.7
43,AlDuhailSportsClub,Qatar,StarsLeague,49000000.0,0.0,14,20,-49000000.0,49764758.39,0.0,-49764758.39
27,AlArabiSportsClub,Qatar,StarsLeague,49700000.0,815000.0,18,17,-48890000.0,53166183.1,848754.57,-52322635.62
85,ElJaishSportsClub,Qatar,StarsLeague,32200000.0,0.0,23,25,-32200000.0,33707497.13,0.0,-33707497.13
92,AlGharafaSportsClub,Qatar,StarsLeague,27300000.0,5250000.0,20,31,-22050000.0,30165105.92,5646154.17,-24518951.76
87,AlRayyanSportsClub,Qatar,StarsLeague,10000000.0,0.0,6,16,-10000000.0,10735312.87,0.0,-10735312.87
60,AlSaddSportsClub,Qatar,StarsLeague,78150000.0,31700000.0,47,48,-46450000.0,91143239.42,36729278.26,-54413961.17
89,SteauaBukarest,Romania,Liga1,32850000.0,19340000.0,111,98,-13525000.0,39267228.38,22892630.21,-16392962.65
94,PolitehnicaTimisoara,Romania,Liga1,9420000.0,1860000.0,58,48,-7560000.0,10897132.38,2151663.08,-8745469.3
84,CFRCluj,Romania,Liga1,11900000.0,1250000.0,30,21,-10650000.0,14193493.34,1490913.17,-12702580.18
57,ZenitSt.Petersburg,Russia,PremierLigaRussia,499940000.0,244885000.0,200,160,-255070000.0,545463241.95,261180008.5,-284301753.84
83,FKKrasnodar,Russia,PremierLigaRussia,73840000.0,33100000.0,93,86,-40740000.0,77861738.03,34963606.05,-42898132.0
73,SpartakMoscow,Russia,PremierLigaRussia,289800000.0,144680000.0,263,226,-145120000.0,323848298.97,161986938.04,-161861360.96
45,RubinKazan,Russia,PremierLigaRussia,222550000.0,79150000.0,217,180,-143400000.0,246855764.7,86675668.2,-160180096.51
59,DinamoMoscow,Russia,PremierLigaRussia,246230000.0,41820000.0,149,124,-204420000.0,281327135.63,45945395.12,-235394466.98
77,LokomotivMoscow,Russia,PremierLigaRussia,205650000.0,108070000.0,214,178,-97580000.0,235318828.8,121856286.86,-113462541.94
15,AnzhiMakhachkala,Russia,PremierLigaRussia,246700000.0,199850000.0,95,94,-46850000.0,267753044.92,211638270.83,-56114774.09
61,CSKAMoscow,Russia,PremierLigaRussia,160040000.0,124450000.0,173,156,-35590000.0,187085957.2,142983823.56,-44102133.65
77,KubanKrasnodar,Russia,PremierLigaRussia,33600000.0,36460000.0,49,52,2860000.0,36148106.4,38723429.35,2575322.95
78,TerekGrozny,Russia,PremierLigaRussia,20900000.0,0.0,23,20,-20900000.0,22720773.18,0.0,-22720773.18
82,AlaniaVladikavkaz,Russia,PremierLigaRussia,10600000.0,800000.0,24,27,-9800000.0,11379431.65,858825.03,-10520606.62
97,FKMoskau,Russia,PremierLigaRussia,13430000.0,13495000.0,33,28,70000.0,16031712.65,15648772.25,-376577.17
96,SaturnRamenskoe,Russia,PremierLigaRussia,30110000.0,3100000.0,79,75,-27010000.0,37489834.58,3763185.19,-33726649.39
78,FKKhimki,Russia,PremierLigaRussia,3500000.0,0.0,36,22,-3500000.0,4454255.75,0.0,-4454255.75
92,SpartakVladikavkaz,Russia,PremierLigaRussia,2650000.0,750000.0,22,26,-1900000.0,3372507.92,954483.37,-2418024.55
45,KrylyaSovetovSamara,Russia,PremierLigaRussia,9830000.0,1500000.0,26,20,-8330000.0,12853758.03,1992526.68,-10861231.35
93,ShinnikYaroslavl,Russia,PremierLigaRussia,2130000.0,0.0,18,9,-2130000.0,2765508.72,0.0,-2765508.72
97,FKRostov,Russia,PremierLigaRussia,1700000.0,400000.0,10,14,-1300000.0,2258196.9,531340.45,-1726856.45
42,AlIttihadJeddah,SaudiArabia,ProfessionalLeague,78360000.0,2750000.0,72,78,-75610000.0,83907647.77,3307460.88,-80600186.91
45,AlNassrFC,SaudiArabia,ProfessionalLeague,72900000.0,2850000.0,47,52,-70050000.0,74789610.6,2967577.49,-71822033.1
58,AlAhliJeddah,SaudiArabia,ProfessionalLeague,43270000.0,0.0,46,43,-43270000.0,44236269.08,0.0,-44236269.08
59,AlHilalRiyadh,SaudiArabia,ProfessionalLeague,31330000.0,11950000.0,27,33,-19380000.0,35970834.27,13222453.99,-22748380.28
85,CelticFC,Scotland,Premiership,162880000.0,118260000.0,246,231,-44640000.0,197987346.84,135395353.57,-62613804.82
93,RangersFC,Scotland,Premiership,142590000.0,106510000.0,182,169,-36100000.0,183280006.3,136085387.7,-47218051.87
98,RedStarBelgrade,Serbia,SuperLiga,4630000.0,1270000.0,26,21,-3360000.0,5756507.63,1578998.85,-4177508.77
6,RealMadrid,Spain,LaLiga,1810400000.0,954350000.0,281,222,-856050000.0,2085548525.92,1058838344.8,-1026710181.15
8,AtléticoMadrid,Spain,LaLiga,990290000.0,778000000.0,410,334,-212290000.0,1081262079.58,852294610.5,-228967469.08
10,FCBarcelona,Spain,LaLiga,1732820000.0,915490000.0,260,211,-817330000.0,1943067227.21,1017935792.38,-925131434.78
11,ValenciaCF,Spain,LaLiga,769360000.0,645730000.0,355,292,-123630000.0,857649470.08,726761134.69,-130888335.42
17,VillarrealCF,Spain,LaLiga,494470000.0,392250000.0,317,274,-102230000.0,549242570.86,424045438.67,-125208511.82
25,SevillaFC,Spain,LaLiga,533980000.0,681030000.0,340,298,147050000.0,578485631.05,736600657.68,158115026.61
50,RealBetisBalompié,Spain,LaLiga,211220000.0,135700000.0,169,156,-75530000.0,237116405.58,148341600.94,-88786731.95
62,AthleticBilbao,Spain,LaLiga,101600000.0,146300000.0,70,52,44700000.0,108112755.15,149708270.95,41595515.81
72,CeltadeVigo,Spain,LaLiga,98820000.0,104620000.0,112,92,5800000.0,110872861.07,120496363.08,9623502.01
79,LevanteUD,Spain,LaLiga,29400000.0,33000000.0,33,39,3600000.0,30732781.47,33515041.36,2782259.9
87,GetafeCF,Spain,LaLiga,80000000.0,50400000.0,98,91,-29600000.0,88753047.78,56515905.26,-32237142.54
95,RCDEspanyolBarcelona,Spain,LaLiga,95000000.0,86690000.0,129,128,-8310000.0,108467008.17,95114884.23,-13352123.96
75,RealSociedad,Spain,LaLiga,139200000.0,127850000.0,162,131,-11350000.0,158803634.64,136455396.12,-22348238.54
67,GranadaCF,Spain,LaLiga,25260000.0,7400000.0,110,88,-17860000.0,27477982.14,7948568.54,-19529413.59
13,MálagaCF,Spain,LaLiga,89300000.0,14420000.0,61,49,-74880000.0,100561030.02,20058424.96,-80502605.06
82,RealZaragoza,Spain,LaLiga,123230000.0,136850000.0,151,152,13620000.0,148305659.12,162090280.61,13784809.91
64,UDAlmería,Spain,LaLiga,24250000.0,8000000.0,33,28,-16250000.0,28402840.28,9254464.87,-19148375.41
86,RCDMallorca,Spain,LaLiga,41630000.0,78000000.0,102,111,36370000.0,50958223.95,95418701.32,44460477.37
96,DeportivodeLaCoruña,Spain,LaLiga,158020000.0,115410000.0,161,125,-42610000.0,210701272.11,149448111.37,-61253160.76
77,RacingSantander,Spain,LaLiga,23780000.0,23350000.0,64,64,-430000.0,28733692.15,28176470.89,-557221.26
94,CAOsasuna,Spain,LaLiga,10050000.0,23900000.0,21,17,13850000.0,11986941.86,28506259.74,16519317.88
98,RealMurciaCF,Spain,LaLiga,12430000.0,2200000.0,47,35,-10230000.0,15110842.53,2624007.17,-12486835.35
60,DeportivoAlavés,Spain,LaLiga,4400000.0,0.0,10,15,-4400000.0,5844744.92,0.0,-5844744.92
68,UDLasPalmas,Spain,LaLiga,5700000.0,0.0,14,11,-5700000.0,7928781.02,0.0,-7928781.02
95,FCBasel1893,Switzerland,SuperLeagueSwitzerland,55660000.0,85000000.0,128,102,29340000.0,62792999.69,92249925.49,29456925.8
80,GrasshopperClubZurich,Switzerland,SuperLeagueSwitzerland,4500000.0,5750000.0,11,18,1250000.0,6259563.96,7998331.73,1738767.77
78,FenerbahceSK,Turkey,SüperLig,363470000.0,138510000.0,267,226,-224960000.0,413815217.28,155004106.65,-258811110.62
82,GalatasaraySK,Turkey,SüperLig,338010000.0,175240000.0,433,373,-162800000.0,379867025.83,197551977.49,-182346641.38
97,Trabzonspor,Turkey,SüperLig,159600000.0,67380000.0,436,336,-92234000.0,176324742.0,74773755.11,-101566190.76
100,BesiktasJK,Turkey,SüperLig,209230000.0,88195000.0,460,378,-121050000.0,244564589.9,101870576.24,-142711382.89
91,Bursaspor,Turkey,SüperLig,12300000.0,7600000.0,43,41,-4700000.0,13978294.39,8383646.79,-5594647.59
69,Gaziantepspor,Turkey,SüperLig,14550000.0,20000.0,44,42,-14530000.0,16833591.6,22552.18,-16811039.42
65,Manisaspor,Turkey,SüperLig,6800000.0,0.0,20,28,-6800000.0,8454482.04,0.0,-8454482.04
74,GenclerbirligiAnkara,Turkey,SüperLig,5750000.0,3000000.0,23,19,-2750000.0,7798243.17,4068648.61,-3729594.56
52,ShakhtarDonetsk,Ukraine,PremierLigaUkraine,347500000.0,309040000.0,244,188,-38460000.0,393652059.32,338444530.96,-55207528.35
64,DynamoKyiv,Ukraine,PremierLigaUkraine,752560000.0,1149390000.0,1126,843,396820000.0,844744564.11,1295341617.25,450585777.05
58,MetalistKharkiv,Ukraine,PremierLigaUkraine,54000000.0,34190000.0,76,58,-19810000.0,58945880.5,36916858.02,-22029022.48
64,DniproDnipropetrovsk,Ukraine,PremierLigaUkraine,75320000.0,7250000.0,95,87,-68070000.0,85838950.03,8423248.58,-77415701.45
82,MetalurhDonetsk,Ukraine,PremierLigaUkraine,10500000.0,820000.0,42,37,-9680000.0,12979893.8,1017548.28,-11962345.52
93,AtlantaUnitedFC,United States,StatesMLS,16720000.0,0.0,40,17,-16720000.0,17398560.48,0.0,-17398560.48
68,TorontoFC,United States,StatesMLS,14700000.0,0.0,26,29,-14700000.0,15438573.57,0.0,-15438573.57
50,AlAhliDubaiClub,UnitedArabEmirates,UAEGulfLeague,72530000.0,2750000.0,31,36,-69780000.0,76208993.51,3033556.41,-73175437.1
73,AlJazira(AbuDhabi),UnitedArabEmirates,UAEGulfLeague,86800000.0,27400000.0,48,46,-59400000.0,93302975.56,29045765.85,-64257209.72
99,AlAinFC,UnitedArabEmirates,UAEGulfLeague,67120000.0,19950000.0,61,70,-47170000.0,73278343.12,21197124.33,-52081218.78
82,AlNasr(Dubai),UnitedArabEmirates,UAEGulfLeague,11600000.0,0.0,12,16,-11600000.0,13421768.92,0.0,-13421768.92
